Category URL,Product URL,Page Number,Status,Error Type,Fallback Used,Records Written,Updated At
https://www.safcodental.com/catalog/sutures-surgical-products,https://www.safcodental.com/product/actcel,3,success,,no,1,1777471053
https://www.safcodental.com/catalog/gloves,https://www.safcodental.com/product/alasta-pro,1,success,,no,5,1777470758
https://www.safcodental.com/catalog/gloves,https://www.safcodental.com/product/alasta-reg-aloe,2,success,,no,4,1777470784
https://www.safcodental.com/catalog/gloves,https://www.safcodental.com/product/alasta-sup-reg-sup,1,success,,no,10,1777470733
https://www.safcodental.com/catalog/gloves,https://www.safcodental.com/product/alasta-sup-reg-sup-shimmer-pink-nitrile,3,success,,no,4,1777470814
https://www.safcodental.com/catalog/gloves,https://www.safcodental.com/product/alasta-sup-reg-sup-white,6,partial_fallback,no_master_data,yes,1,1777470915
https://www.safcodental.com/catalog/gloves,https://www.safcodental.com/product/aloepro-trade,7,success,,no,4,1777470955
https://www.safcodental.com/catalog/gloves,https://www.safcodental.com/product/aqua-source-reg,1,success,,no,5,1777470739
https://www.safcodental.com/catalog/gloves,https://www.safcodental.com/product/aquaprene-reg,3,success,,no,10,1777470802
https://www.safcodental.com/catalog/gloves,https://www.safcodental.com/product/aquasoft,1,success,,no,5,1777470722
https://www.safcodental.com/catalog/gloves,https://www.safcodental.com/product/aurelia-reg-absolute-trade,4,success,,no,10,1777470823
https://www.safcodental.com/catalog/gloves,https://www.safcodental.com/product/aurelia-reg-amazing-reg,1,success,,no,5,1777470737
https://www.safcodental.com/catalog/gloves,https://www.safcodental.com/product/aurelia-reg-blush-reg,4,success,,no,8,1777470839
https://www.safcodental.com/catalog/gloves,https://www.safcodental.com/product/aurelia-reg-bold-reg,3,partial_fallback,no_master_data,yes,1,1777470816
https://www.safcodental.com/catalog/gloves,https://www.safcodental.com/product/aurelia-reg-distinct-reg,5,partial_fallback,no_master_data,yes,1,1777470860
https://www.safcodental.com/catalog/gloves,https://www.safcodental.com/product/aurelia-reg-refresh-reg,5,success,,no,10,1777470868
https://www.safcodental.com/catalog/gloves,https://www.safcodental.com/product/aurelia-reg-sonic-reg-100,3,partial_fallback,no_master_data,yes,1,1777470820
https://www.safcodental.com/catalog/gloves,https://www.safcodental.com/product/aurelia-reg-vibrant-trade,1,success,,no,4,1777470743
https://www.safcodental.com/catalog/gloves,https://www.safcodental.com/product/aurelia-sup-reg-sup-perform-sup-trade-sup,4,success,,no,4,1777470847
https://www.safcodental.com/catalog/gloves,https://www.safcodental.com/product/aurelia-sup-reg-sup-prot-eacute-g-eacute-sup-reg-sup,4,partial_fallback,no_master_data,yes,1,1777470856
https://www.safcodental.com/catalog/gloves,https://www.safcodental.com/product/aurelia-sup-reg-sup-robust-sup-reg-sup,3,partial_fallback,no_master_data,yes,1,1777470818
https://www.safcodental.com/catalog/gloves,https://www.safcodental.com/product/aurelia-sup-reg-sup-sonic-sup-reg-sup,4,success,,no,10,1777470837
https://www.safcodental.com/catalog/gloves,https://www.safcodental.com/product/aurelia-sup-reg-sup-transform-sup-reg-sup,4,success,,no,8,1777470844
https://www.safcodental.com/catalog/sutures-surgical-products,https://www.safcodental.com/product/barricaid-reg,3,success,,no,3,1777471037
https://www.safcodental.com/catalog/gloves,https://www.safcodental.com/product/beesure-reg-glacier-nitrile,4,success,,no,8,1777470832
https://www.safcodental.com/catalog/gloves,https://www.safcodental.com/product/beesure-reg-latex,7,success,,no,10,1777470938
https://www.safcodental.com/catalog/gloves,https://www.safcodental.com/product/beesure-reg-neogrene-trade,3,partial_fallback,no_master_data,yes,1,1777470804
https://www.safcodental.com/catalog/gloves,https://www.safcodental.com/product/beesure-reg-slim-trade-nitrile,6,success,,no,8,1777470919
https://www.safcodental.com/catalog/gloves,https://www.safcodental.com/product/beesure-reg-superslim-trade-nitrile,1,success,,no,4,1777470724
https://www.safcodental.com/catalog/gloves,https://www.safcodental.com/product/beesure-sup-reg-sup-nitrile,2,success,,no,10,1777470781
https://www.safcodental.com/catalog/gloves,https://www.safcodental.com/product/beesure-ultraslim-nitrile,2,success,,no,8,1777470777
https://www.safcodental.com/catalog/gloves,https://www.safcodental.com/product/bio-nitrile-sup-reg-sup,2,success,,no,10,1777470772
https://www.safcodental.com/catalog/gloves,https://www.safcodental.com/product/black-maxx-sup-reg-sup,2,success,,no,5,1777470768
https://www.safcodental.com/catalog/gloves,https://www.safcodental.com/product/blossom-reg,7,success,,no,1,1777470939
https://www.safcodental.com/catalog/gloves,https://www.safcodental.com/product/carbon-reg-air,2,success,,no,10,1777470774
https://www.safcodental.com/catalog/gloves,https://www.safcodental.com/product/carbon-reg-nitrile,4,success,,no,10,1777470829
https://www.safcodental.com/catalog/sutures-surgical-products,https://www.safcodental.com/product/coe-pak-trade,3,success,,no,4,1777471035
https://www.safcodental.com/catalog/sutures-surgical-products,https://www.safcodental.com/product/coe-pak-trade-automix-nds,2,success,,no,4,1777471033
https://www.safcodental.com/catalog/sutures-surgical-products,https://www.safcodental.com/product/coldstar-disposable-instant-non-insulated-cold-pack,2,success,,no,4,1777471026
https://www.safcodental.com/catalog/sutures-surgical-products,https://www.safcodental.com/product/collashield-trade-collagen-membrane,2,success,,no,3,1777471023
https://www.safcodental.com/catalog/gloves,https://www.safcodental.com/product/compac-nitrile,1,success,,no,5,1777470746
https://www.safcodental.com/catalog/gloves,https://www.safcodental.com/product/contour-plus-trade,4,success,,no,4,1777470853
https://www.safcodental.com/catalog/gloves,https://www.safcodental.com/product/contour-reg,4,partial_fallback,no_master_data,yes,1,1777470851
https://www.safcodental.com/catalog/gloves,https://www.safcodental.com/product/crave-trade,1,success,,no,4,1777470750
https://www.safcodental.com/catalog/gloves,https://www.safcodental.com/product/curve-reg-fitted,4,success,,no,5,1777470849
https://www.safcodental.com/catalog/gloves,https://www.safcodental.com/product/cyntek-reg,5,success,,no,10,1777470863
https://www.safcodental.com/catalog/sutures-surgical-products,https://www.safcodental.com/product/dentalprox-veragraft-trade-dental-powder,2,success,,no,13,1777471012
https://www.safcodental.com/catalog/gloves,https://www.safcodental.com/product/dermassist-sup-reg-sup-latex-surgical-gloves,5,success,,no,8,1777470880
https://www.safcodental.com/catalog/sutures-surgical-products,https://www.safcodental.com/product/disposable-scalpels,4,success,,no,8,1777471070
https://www.safcodental.com/catalog/sutures-surgical-products,https://www.safcodental.com/product/disposable-scalpels-bard-parker-bd,3,success,,no,6,1777471065
https://www.safcodental.com/catalog/sutures-surgical-products,https://www.safcodental.com/product/disposable-scalpels-integra-miltex,3,success,,no,8,1777471063
https://www.safcodental.com/catalog/gloves,https://www.safcodental.com/product/encore-reg-sensi-touch-reg-pf,5,success,,no,12,1777470882
https://www.safcodental.com/catalog/gloves,https://www.safcodental.com/product/essential-textured,5,success,,no,1,1777470858
https://www.safcodental.com/catalog/sutures-surgical-products,https://www.safcodental.com/product/ethicon-sutures,4,success,,no,105,1777471097
https://www.safcodental.com/catalog/gloves,https://www.safcodental.com/product/evolve-trade-300,4,success,,no,10,1777470841
https://www.safcodental.com/catalog/sutures-surgical-products,https://www.safcodental.com/product/feather-sup-reg-nbsp-sup-microsurgical-blades,1,success,,no,4,1777470998
https://www.safcodental.com/catalog/gloves,https://www.safcodental.com/product/flexaprene-green,5,partial_fallback,no_master_data,yes,1,1777470887
https://www.safcodental.com/catalog/sutures-surgical-products,https://www.safcodental.com/product/foundation-trade,1,success,,no,6,1777470975
https://www.safcodental.com/catalog/gloves,https://www.safcodental.com/product/gloveup-sup-reg-sup,2,success,,no,5,1777470770
https://www.safcodental.com/catalog/sutures-surgical-products,https://www.safcodental.com/product/guidor-reg-e-em-asy-graft-reg-em-classic,2,success,,no,6,1777471020
https://www.safcodental.com/catalog/gloves,https://www.safcodental.com/product/halo-trade,6,success,,no,2,1777470913
https://www.safcodental.com/catalog/gloves,https://www.safcodental.com/product/halyard-black-nitrile,1,success,,no,5,1777470755
https://www.safcodental.com/catalog/sutures-surgical-products,https://www.safcodental.com/product/healiaid-reg-strong-nbsp-strong-collagen,1,success,,no,2,1777470990
https://www.safcodental.com/catalog/sutures-surgical-products,https://www.safcodental.com/product/helimend-trade-and-helimend-trade-advanced,2,partial_fallback,no_master_data,yes,1,1777471018
https://www.safcodental.com/catalog/sutures-surgical-products,https://www.safcodental.com/product/heliplug-reg,1,success,,no,1,1777470987
https://www.safcodental.com/catalog/sutures-surgical-products,https://www.safcodental.com/product/helitape-reg,3,success,,no,1,1777471049
https://www.safcodental.com/catalog/sutures-surgical-products,https://www.safcodental.com/product/hemostat-sup-trade-sup,1,success,,no,1,1777470992
https://www.safcodental.com/catalog/gloves,https://www.safcodental.com/product/hu-friedy-nitrile-utility-gloves,6,success,,no,12,1777470917
https://www.safcodental.com/catalog/sutures-surgical-products,https://www.safcodental.com/product/hybenx-sup-reg-sup,2,success,,no,1,1777471031
https://www.safcodental.com/catalog/gloves,https://www.safcodental.com/product/inspire-trade,4,success,,no,10,1777470826
https://www.safcodental.com/catalog/sutures-surgical-products,https://www.safcodental.com/product/instant-cold-pack,2,success,,no,2,1777471028
https://www.safcodental.com/catalog/sutures-surgical-products,https://www.safcodental.com/product/integra-sup-reg-sup-miltex-sup-reg-sup-helicote-sup-reg-sup,3,success,,no,1,1777471051
https://www.safcodental.com/catalog/sutures-surgical-products,https://www.safcodental.com/product/iv-administration-sets,2,success,,no,3,1777471008
https://www.safcodental.com/catalog/sutures-surgical-products,https://www.safcodental.com/product/lactated-ringer-s,2,success,,no,2,1777471006
https://www.safcodental.com/catalog/gloves,https://www.safcodental.com/product/lavender-nitrile,1,success,,no,5,1777470729
https://www.safcodental.com/catalog/sutures-surgical-products,https://www.safcodental.com/product/look-trade-sutures,4,success,,no,129,1777471095
https://www.safcodental.com/catalog/gloves,https://www.safcodental.com/product/luxe-trade,3,success,,no,10,1777470821
https://www.safcodental.com/catalog/gloves,https://www.safcodental.com/product/micro-touch-reg-nitrafree-trade-blue,6,success,,no,2,1777470898
https://www.safcodental.com/catalog/gloves,https://www.safcodental.com/product/micro-touch-reg-nitrafree-trade-pink,3,partial_fallback,no_master_data,yes,1,1777470812
https://www.safcodental.com/catalog/gloves,https://www.safcodental.com/product/micro-touch-reg-nitrile,6,success,,no,4,1777470922
https://www.safcodental.com/catalog/gloves,https://www.safcodental.com/product/micro-touch-sup-reg-sup-affinity-sup-reg-sup,5,success,,no,10,1777470890
https://www.safcodental.com/catalog/gloves,https://www.safcodental.com/product/microflex-reg-92-134,6,success,,no,4,1777470900
https://www.safcodental.com/catalog/gloves,https://www.safcodental.com/product/microflex-reg-comfortgrip-trade,7,partial_fallback,no_master_data,yes,1,1777470944
https://www.safcodental.com/catalog/gloves,https://www.safcodental.com/product/microflex-reg-diamond-grip-plus-trade,5,success,,no,10,1777470870
https://www.safcodental.com/catalog/gloves,https://www.safcodental.com/product/microflex-reg-freeform-reg-se,6,success,,no,4,1777470931
https://www.safcodental.com/catalog/gloves,https://www.safcodental.com/product/microflex-reg-midknight-reg,6,success,,no,2,1777470906
https://www.safcodental.com/catalog/gloves,https://www.safcodental.com/product/microflex-reg-midknight-trade-touch,3,partial_fallback,no_master_data,yes,1,1777470810
https://www.safcodental.com/catalog/gloves,https://www.safcodental.com/product/microflex-reg-tq-601-soft-white-nitrile,6,success,,no,2,1777470924
https://www.safcodental.com/catalog/gloves,https://www.safcodental.com/product/microflex-reg-xceed-reg,2,success,,no,10,1777470779
https://www.safcodental.com/catalog/gloves,https://www.safcodental.com/product/microflex-sup-reg-sup-neogard-sup-reg-sup,2,success,,no,10,1777470766
https://www.safcodental.com/catalog/gloves,https://www.safcodental.com/product/microflex-sup-reg-sup-neogard-trade-touch,3,success,,no,2,1777470800
https://www.safcodental.com/catalog/gloves,https://www.safcodental.com/product/microflex-sup-reg-sup-neopro-sup-reg-sup,5,success,,no,4,1777470892
https://www.safcodental.com/catalog/gloves,https://www.safcodental.com/product/microflex-sup-reg-sup-neosoft-trade,5,success,,no,4,1777470884
https://www.safcodental.com/catalog/gloves,https://www.safcodental.com/product/microflex-sup-reg-sup-ultraform-sup-trade-sup,1,success,,no,8,1777470727
https://www.safcodental.com/catalog/gloves,https://www.safcodental.com/product/micropro-textured,7,partial_fallback,no_master_data,yes,1,1777470951
https://www.safcodental.com/catalog/sutures-surgical-products,https://www.safcodental.com/product/myco-medical-glassvan-reg-microsurgical-blades-carbon-steel,4,success,,no,2,1777471072
https://www.safcodental.com/catalog/sutures-surgical-products,https://www.safcodental.com/product/myco-medical-nbsp-glassvan-reg-scalpel-blades,3,success,,no,10,1777471059
https://www.safcodental.com/catalog/sutures-surgical-products,https://www.safcodental.com/product/myco-medical-reli-reg-pro-sutures,4,success,,no,38,1777471090
https://www.safcodental.com/catalog/sutures-surgical-products,https://www.safcodental.com/product/myco-medical-technocut-reg-disposable-scalpels,3,success,,no,5,1777471056
https://www.safcodental.com/catalog/gloves,https://www.safcodental.com/product/nitriderm-reg-ultra-white,6,success,,no,1,1777470926
https://www.safcodental.com/catalog/gloves,https://www.safcodental.com/product/nitriderm-sup-reg-sup-nbsp-nitrile-surgical-gloves,5,success,,no,7,1777470877
https://www.safcodental.com/catalog/gloves,https://www.safcodental.com/product/nuvo-trade,5,success,,no,4,1777470875
https://www.safcodental.com/catalog/gloves,https://www.safcodental.com/product/nuvo-trade-drdae,7,partial_fallback,no_master_data,yes,1,1777470960
https://www.safcodental.com/catalog/gloves,https://www.safcodental.com/product/ocean-pacific-sup-reg-sup-neonatural-sup-trade-sup,2,success,,no,2,1777470761
https://www.safcodental.com/catalog/sutures-surgical-products,https://www.safcodental.com/product/orasoothe-reg-sockit-gel,1,success,,no,9,1777470977
https://www.safcodental.com/catalog/sutures-surgical-products,https://www.safcodental.com/product/orca-sup-trade-sup-foam,3,success,,no,3,1777471041
https://www.safcodental.com/catalog/sutures-surgical-products,https://www.safcodental.com/product/orca-trade-dry-socket,3,success,,no,1,1777471046
https://www.safcodental.com/catalog/sutures-surgical-products,https://www.safcodental.com/product/ossif-i-sem-trade,1,success,,no,18,1777470973
https://www.safcodental.com/catalog/sutures-surgical-products,https://www.safcodental.com/product/ossify-sup-reg-sup-cortical-bone-sheet,1,success,,no,2,1777470965
https://www.safcodental.com/catalog/sutures-surgical-products,https://www.safcodental.com/product/ossify-sup-reg-sup-dbm-cortical-fiber-bone-graft,1,success,,no,6,1777470968
https://www.safcodental.com/catalog/sutures-surgical-products,https://www.safcodental.com/product/ossify-sup-reg-sup-min-demin-cortical-cancellous-bone-graft,1,success,,no,3,1777470970
https://www.safcodental.com/catalog/sutures-surgical-products,https://www.safcodental.com/product/periacryl-reg-90,3,success,,no,2,1777471044
https://www.safcodental.com/catalog/sutures-surgical-products,https://www.safcodental.com/product/perma-sharp-reg-sutures,1,success,,no,144,1777470982
https://www.safcodental.com/catalog/gloves,https://www.safcodental.com/product/polymed-reg,7,success,,no,1,1777470935
https://www.safcodental.com/catalog/gloves,https://www.safcodental.com/product/powerform-black,6,success,,no,5,1777470895
https://www.safcodental.com/catalog/gloves,https://www.safcodental.com/product/proderm-trade,7,success,,no,3,1777470933
https://www.safcodental.com/catalog/gloves,https://www.safcodental.com/product/pulse-nitrile,6,success,,no,5,1777470909
https://www.safcodental.com/catalog/gloves,https://www.safcodental.com/product/pulse-reg-logic-trade,6,partial_fallback,no_master_data,yes,1,1777470903
https://www.safcodental.com/catalog/gloves,https://www.safcodental.com/product/pulse-trade-latex,7,success,,no,5,1777470949
https://www.safcodental.com/catalog/gloves,https://www.safcodental.com/product/purple-nitrile,6,success,,no,4,1777470929
https://www.safcodental.com/catalog/gloves,https://www.safcodental.com/product/quantum-blue,3,success,,no,5,1777470807
https://www.safcodental.com/catalog/sutures-surgical-products,https://www.safcodental.com/product/r-t-r-membrane,2,partial_fallback,no_master_data,yes,1,1777471014
https://www.safcodental.com/catalog/sutures-surgical-products,https://www.safcodental.com/product/r-t-r-syringe,2,success,,no,6,1777471016
https://www.safcodental.com/catalog/sutures-surgical-products,https://www.safcodental.com/product/regenafill-sup-trade-sup-bone-graft-plug,1,success,,no,2,1777470963
https://www.safcodental.com/catalog/gloves,https://www.safcodental.com/product/revo200-reg,4,success,,no,4,1777470834
https://www.safcodental.com/catalog/gloves,https://www.safcodental.com/product/revosoft-reg-nitrile-gloves,1,success,,no,8,1777470748
https://www.safcodental.com/catalog/gloves,https://www.safcodental.com/product/safco-durasoft-trade-latex-gloves,3,success,,no,15,1777470798
https://www.safcodental.com/catalog/gloves,https://www.safcodental.com/product/safco-ez-green-chloroprene,2,success,,no,12,1777470786
https://www.safcodental.com/catalog/gloves,https://www.safcodental.com/product/safco-nitrilex-black,1,success,,no,15,1777470753
https://www.safcodental.com/catalog/gloves,https://www.safcodental.com/product/safco-nitrilex-prevail-trade-nitrile-gloves,2,success,,no,15,1777470792
https://www.safcodental.com/catalog/gloves,https://www.safcodental.com/product/safco-nitrilex-reg-nitrile-gloves,3,success,,no,15,1777470795
https://www.safcodental.com/catalog/gloves,https://www.safcodental.com/product/safco-nitrilex-reg-ultrasoft-nitrile-gloves,3,success,,no,15,1777470795
https://www.safcodental.com/catalog/gloves,https://www.safcodental.com/product/safco-nitrilex-soothe,2,success,,no,15,1777470788
https://www.safcodental.com/catalog/gloves,https://www.safcodental.com/product/safco-nitrilex-surpass-trade,2,success,,no,15,1777470790
https://www.safcodental.com/catalog/sutures-surgical-products,https://www.safcodental.com/product/safco-surestitch-trade-sutures,1,success,,no,45,1777470985
https://www.safcodental.com/catalog/sutures-surgical-products,https://www.safcodental.com/product/safety-scalpels,3,success,,no,2,1777471061
https://www.safcodental.com/catalog/sutures-surgical-products,https://www.safcodental.com/product/scalpel-handles-hu-friedy,4,success,,no,15,1777471074
https://www.safcodental.com/catalog/gloves,https://www.safcodental.com/product/sigma-reg,5,success,,no,10,1777470865
https://www.safcodental.com/catalog/gloves,https://www.safcodental.com/product/silkcare-reg,5,success,,no,4,1777470873
https://www.safcodental.com/catalog/sutures-surgical-products,https://www.safcodental.com/product/sodium-chloride-0-9-for-injection-b-braun,2,success,,no,3,1777471004
https://www.safcodental.com/catalog/sutures-surgical-products,https://www.safcodental.com/product/sodium-chloride-0-9-for-injection-baxter,2,success,,no,4,1777471002
https://www.safcodental.com/catalog/sutures-surgical-products,https://www.safcodental.com/product/soft-tissue-trimmer,1,success,,no,6,1777470995
https://www.safcodental.com/catalog/sutures-surgical-products,https://www.safcodental.com/product/sterile-water-for-injection-b-braun,2,success,,no,4,1777471000
https://www.safcodental.com/catalog/sutures-surgical-products,https://www.safcodental.com/product/surgical-blade-handles-bard-parker-bd,4,success,,no,4,1777471076
https://www.safcodental.com/catalog/sutures-surgical-products,https://www.safcodental.com/product/surgical-blades,4,success,,no,18,1777471079
https://www.safcodental.com/catalog/sutures-surgical-products,https://www.safcodental.com/product/surgical-blades-bard-parker-bd,4,success,,no,11,1777471084
https://www.safcodental.com/catalog/sutures-surgical-products,https://www.safcodental.com/product/surgical-blades-hu-friedy,3,success,,no,21,1777471068
https://www.safcodental.com/catalog/sutures-surgical-products,https://www.safcodental.com/product/surgical-blades-integra-miltex,4,success,,no,34,1777471082
https://www.safcodental.com/catalog/sutures-surgical-products,https://www.safcodental.com/product/surgicel-reg,3,success,,no,2,1777471039
https://www.safcodental.com/catalog/sutures-surgical-products,https://www.safcodental.com/product/surgifoam-reg,1,success,,no,6,1777470961
https://www.safcodental.com/catalog/sutures-surgical-products,https://www.safcodental.com/product/suture-needles-integra-miltex,4,success,,no,1,1777471087
https://www.safcodental.com/catalog/gloves,https://www.safcodental.com/product/transcend-trade,4,success,,no,8,1777470831
https://www.safcodental.com/catalog/gloves,https://www.safcodental.com/product/true-comfort-reg-blu,2,success,,no,5,1777470763
https://www.safcodental.com/catalog/gloves,https://www.safcodental.com/product/trueform,3,success,,no,2,1777470808
https://www.safcodental.com/catalog/gloves,https://www.safcodental.com/product/vitalgard-reg,7,success,,no,1,1777470941
https://www.safcodental.com/catalog/gloves,https://www.safcodental.com/product/wire-glove-box-holder,7,success,,no,3,1777470959
https://www.safcodental.com/catalog/gloves,https://www.safcodental.com/product/xlim-reg,1,success,,no,5,1777470741
