Category URL,Product URL,Page Number,Page Type,Classification Reason,Status,Error Stage,Error Type,Error Message,HTTP Status,Fallback Used,Records Written
https://www.safcodental.com/catalog/gloves,https://www.safcodental.com/product/aquasoft,1,item_table_page,masterData found,success,,,,,no,5
https://www.safcodental.com/catalog/gloves,https://www.safcodental.com/product/beesure-reg-superslim-trade-nitrile,1,item_table_page,masterData found,success,,,,,no,4
https://www.safcodental.com/catalog/gloves,https://www.safcodental.com/product/microflex-sup-reg-sup-ultraform-sup-trade-sup,1,item_table_page,masterData found,success,,,,,no,8
https://www.safcodental.com/catalog/gloves,https://www.safcodental.com/product/lavender-nitrile,1,item_table_page,masterData found,success,,,,,no,5
https://www.safcodental.com/catalog/gloves,https://www.safcodental.com/product/alasta-sup-reg-sup,1,multi_group_item_page,masterData found with grouped item rows,success,,,,,no,10
https://www.safcodental.com/catalog/gloves,https://www.safcodental.com/product/aurelia-reg-amazing-reg,1,item_table_page,masterData found,success,,,,,no,5
https://www.safcodental.com/catalog/gloves,https://www.safcodental.com/product/aqua-source-reg,1,item_table_page,masterData found,success,,,,,no,5
https://www.safcodental.com/catalog/gloves,https://www.safcodental.com/product/xlim-reg,1,item_table_page,masterData found,success,,,,,no,5
https://www.safcodental.com/catalog/gloves,https://www.safcodental.com/product/aurelia-reg-vibrant-trade,1,item_table_page,masterData found,success,,,,,no,4
https://www.safcodental.com/catalog/gloves,https://www.safcodental.com/product/compac-nitrile,1,item_table_page,masterData found,success,,,,,no,5
https://www.safcodental.com/catalog/gloves,https://www.safcodental.com/product/revosoft-reg-nitrile-gloves,1,item_table_page,masterData found,success,,,,,no,8
https://www.safcodental.com/catalog/gloves,https://www.safcodental.com/product/crave-trade,1,item_table_page,masterData found,success,,,,,no,4
https://www.safcodental.com/catalog/gloves,https://www.safcodental.com/product/safco-nitrilex-black,1,item_table_page,masterData found,success,,,,,no,15
https://www.safcodental.com/catalog/gloves,https://www.safcodental.com/product/halyard-black-nitrile,1,item_table_page,masterData found,success,,,,,no,5
https://www.safcodental.com/catalog/gloves,https://www.safcodental.com/product/alasta-pro,1,item_table_page,masterData found,success,,,,,no,5
https://www.safcodental.com/catalog/gloves,https://www.safcodental.com/product/ocean-pacific-sup-reg-sup-neonatural-sup-trade-sup,2,item_table_page,masterData found,success,,,,,no,2
https://www.safcodental.com/catalog/gloves,https://www.safcodental.com/product/true-comfort-reg-blu,2,item_table_page,masterData found,success,,,,,no,5
https://www.safcodental.com/catalog/gloves,https://www.safcodental.com/product/microflex-sup-reg-sup-neogard-sup-reg-sup,2,item_table_page,masterData found,success,,,,,no,10
https://www.safcodental.com/catalog/gloves,https://www.safcodental.com/product/black-maxx-sup-reg-sup,2,item_table_page,masterData found,success,,,,,no,5
https://www.safcodental.com/catalog/gloves,https://www.safcodental.com/product/gloveup-sup-reg-sup,2,item_table_page,masterData found,success,,,,,no,5
https://www.safcodental.com/catalog/gloves,https://www.safcodental.com/product/bio-nitrile-sup-reg-sup,2,item_table_page,masterData found,success,,,,,no,10
https://www.safcodental.com/catalog/gloves,https://www.safcodental.com/product/carbon-reg-air,2,item_table_page,masterData found,success,,,,,no,10
https://www.safcodental.com/catalog/gloves,https://www.safcodental.com/product/beesure-ultraslim-nitrile,2,item_table_page,masterData found,success,,,,,no,8
https://www.safcodental.com/catalog/gloves,https://www.safcodental.com/product/microflex-reg-xceed-reg,2,item_table_page,masterData found,success,,,,,no,10
https://www.safcodental.com/catalog/gloves,https://www.safcodental.com/product/beesure-sup-reg-sup-nitrile,2,item_table_page,masterData found,success,,,,,no,10
https://www.safcodental.com/catalog/gloves,https://www.safcodental.com/product/alasta-reg-aloe,2,item_table_page,masterData found,success,,,,,no,4
https://www.safcodental.com/catalog/gloves,https://www.safcodental.com/product/safco-ez-green-chloroprene,2,item_table_page,masterData found,success,,,,,no,12
https://www.safcodental.com/catalog/gloves,https://www.safcodental.com/product/safco-nitrilex-soothe,2,item_table_page,masterData found,success,,,,,no,15
https://www.safcodental.com/catalog/gloves,https://www.safcodental.com/product/safco-nitrilex-surpass-trade,2,item_table_page,masterData found,success,,,,,no,15
https://www.safcodental.com/catalog/gloves,https://www.safcodental.com/product/safco-nitrilex-prevail-trade-nitrile-gloves,2,item_table_page,masterData found,success,,,,,no,15
https://www.safcodental.com/catalog/gloves,https://www.safcodental.com/product/safco-nitrilex-reg-ultrasoft-nitrile-gloves,3,item_table_page,masterData found,success,,,,,no,15
https://www.safcodental.com/catalog/gloves,https://www.safcodental.com/product/safco-nitrilex-reg-nitrile-gloves,3,item_table_page,masterData found,success,,,,,no,15
https://www.safcodental.com/catalog/gloves,https://www.safcodental.com/product/safco-durasoft-trade-latex-gloves,3,item_table_page,masterData found,success,,,,,no,15
https://www.safcodental.com/catalog/gloves,https://www.safcodental.com/product/microflex-sup-reg-sup-neogard-trade-touch,3,item_table_page,masterData found,success,,,,,no,2
https://www.safcodental.com/catalog/gloves,https://www.safcodental.com/product/aquaprene-reg,3,item_table_page,masterData found,success,,,,,no,10
https://www.safcodental.com/catalog/gloves,https://www.safcodental.com/product/beesure-reg-neogrene-trade,3,unsupported_layout,No item-level masterData found,partial_fallback,item_extraction,no_master_data,No item-level masterData found; wrote fallback record.,,yes,1
https://www.safcodental.com/catalog/gloves,https://www.safcodental.com/product/quantum-blue,3,item_table_page,masterData found,success,,,,,no,5
https://www.safcodental.com/catalog/gloves,https://www.safcodental.com/product/trueform,3,item_table_page,masterData found,success,,,,,no,2
https://www.safcodental.com/catalog/gloves,https://www.safcodental.com/product/microflex-reg-midknight-trade-touch,3,unsupported_layout,No item-level masterData found,partial_fallback,item_extraction,no_master_data,No item-level masterData found; wrote fallback record.,,yes,1
https://www.safcodental.com/catalog/gloves,https://www.safcodental.com/product/micro-touch-reg-nitrafree-trade-pink,3,unsupported_layout,No item-level masterData found,partial_fallback,item_extraction,no_master_data,No item-level masterData found; wrote fallback record.,,yes,1
https://www.safcodental.com/catalog/gloves,https://www.safcodental.com/product/alasta-sup-reg-sup-shimmer-pink-nitrile,3,item_table_page,masterData found,success,,,,,no,4
https://www.safcodental.com/catalog/gloves,https://www.safcodental.com/product/aurelia-reg-bold-reg,3,unsupported_layout,No item-level masterData found,partial_fallback,item_extraction,no_master_data,No item-level masterData found; wrote fallback record.,,yes,1
https://www.safcodental.com/catalog/gloves,https://www.safcodental.com/product/aurelia-sup-reg-sup-robust-sup-reg-sup,3,unsupported_layout,No item-level masterData found,partial_fallback,item_extraction,no_master_data,No item-level masterData found; wrote fallback record.,,yes,1
https://www.safcodental.com/catalog/gloves,https://www.safcodental.com/product/aurelia-reg-sonic-reg-100,3,unsupported_layout,No item-level masterData found,partial_fallback,item_extraction,no_master_data,No item-level masterData found; wrote fallback record.,,yes,1
https://www.safcodental.com/catalog/gloves,https://www.safcodental.com/product/luxe-trade,3,item_table_page,masterData found,success,,,,,no,10
https://www.safcodental.com/catalog/gloves,https://www.safcodental.com/product/aurelia-reg-absolute-trade,4,item_table_page,masterData found,success,,,,,no,10
https://www.safcodental.com/catalog/gloves,https://www.safcodental.com/product/inspire-trade,4,item_table_page,masterData found,success,,,,,no,10
https://www.safcodental.com/catalog/gloves,https://www.safcodental.com/product/carbon-reg-nitrile,4,item_table_page,masterData found,success,,,,,no,10
https://www.safcodental.com/catalog/gloves,https://www.safcodental.com/product/transcend-trade,4,item_table_page,masterData found,success,,,,,no,8
https://www.safcodental.com/catalog/gloves,https://www.safcodental.com/product/beesure-reg-glacier-nitrile,4,item_table_page,masterData found,success,,,,,no,8
https://www.safcodental.com/catalog/gloves,https://www.safcodental.com/product/revo200-reg,4,item_table_page,masterData found,success,,,,,no,4
https://www.safcodental.com/catalog/gloves,https://www.safcodental.com/product/aurelia-sup-reg-sup-sonic-sup-reg-sup,4,item_table_page,masterData found,success,,,,,no,10
https://www.safcodental.com/catalog/gloves,https://www.safcodental.com/product/aurelia-reg-blush-reg,4,item_table_page,masterData found,success,,,,,no,8
https://www.safcodental.com/catalog/gloves,https://www.safcodental.com/product/evolve-trade-300,4,item_table_page,masterData found,success,,,,,no,10
https://www.safcodental.com/catalog/gloves,https://www.safcodental.com/product/aurelia-sup-reg-sup-transform-sup-reg-sup,4,item_table_page,masterData found,success,,,,,no,8
https://www.safcodental.com/catalog/gloves,https://www.safcodental.com/product/aurelia-sup-reg-sup-perform-sup-trade-sup,4,item_table_page,masterData found,success,,,,,no,4
https://www.safcodental.com/catalog/gloves,https://www.safcodental.com/product/curve-reg-fitted,4,item_table_page,masterData found,success,,,,,no,5
https://www.safcodental.com/catalog/gloves,https://www.safcodental.com/product/contour-reg,4,unsupported_layout,No item-level masterData found,partial_fallback,item_extraction,no_master_data,No item-level masterData found; wrote fallback record.,,yes,1
https://www.safcodental.com/catalog/gloves,https://www.safcodental.com/product/contour-plus-trade,4,item_table_page,masterData found,success,,,,,no,4
https://www.safcodental.com/catalog/gloves,https://www.safcodental.com/product/aurelia-sup-reg-sup-prot-eacute-g-eacute-sup-reg-sup,4,unsupported_layout,No item-level masterData found,partial_fallback,item_extraction,no_master_data,No item-level masterData found; wrote fallback record.,,yes,1
https://www.safcodental.com/catalog/gloves,https://www.safcodental.com/product/essential-textured,5,item_table_page,masterData found,success,,,,,no,1
https://www.safcodental.com/catalog/gloves,https://www.safcodental.com/product/aurelia-reg-distinct-reg,5,unsupported_layout,No item-level masterData found,partial_fallback,item_extraction,no_master_data,No item-level masterData found; wrote fallback record.,,yes,1
https://www.safcodental.com/catalog/gloves,https://www.safcodental.com/product/cyntek-reg,5,item_table_page,masterData found,success,,,,,no,10
https://www.safcodental.com/catalog/gloves,https://www.safcodental.com/product/sigma-reg,5,item_table_page,masterData found,success,,,,,no,10
https://www.safcodental.com/catalog/gloves,https://www.safcodental.com/product/aurelia-reg-refresh-reg,5,item_table_page,masterData found,success,,,,,no,10
https://www.safcodental.com/catalog/gloves,https://www.safcodental.com/product/microflex-reg-diamond-grip-plus-trade,5,item_table_page,masterData found,success,,,,,no,10
https://www.safcodental.com/catalog/gloves,https://www.safcodental.com/product/silkcare-reg,5,item_table_page,masterData found,success,,,,,no,4
https://www.safcodental.com/catalog/gloves,https://www.safcodental.com/product/nuvo-trade,5,item_table_page,masterData found,success,,,,,no,4
https://www.safcodental.com/catalog/gloves,https://www.safcodental.com/product/nitriderm-sup-reg-sup-nbsp-nitrile-surgical-gloves,5,multi_group_item_page,masterData found with grouped item rows,success,,,,,no,7
https://www.safcodental.com/catalog/gloves,https://www.safcodental.com/product/dermassist-sup-reg-sup-latex-surgical-gloves,5,item_table_page,masterData found,success,,,,,no,8
https://www.safcodental.com/catalog/gloves,https://www.safcodental.com/product/encore-reg-sensi-touch-reg-pf,5,item_table_page,masterData found,success,,,,,no,12
https://www.safcodental.com/catalog/gloves,https://www.safcodental.com/product/microflex-sup-reg-sup-neosoft-trade,5,item_table_page,masterData found,success,,,,,no,4
https://www.safcodental.com/catalog/gloves,https://www.safcodental.com/product/flexaprene-green,5,unsupported_layout,No item-level masterData found,partial_fallback,item_extraction,no_master_data,No item-level masterData found; wrote fallback record.,,yes,1
https://www.safcodental.com/catalog/gloves,https://www.safcodental.com/product/micro-touch-sup-reg-sup-affinity-sup-reg-sup,5,item_table_page,masterData found,success,,,,,no,10
https://www.safcodental.com/catalog/gloves,https://www.safcodental.com/product/microflex-sup-reg-sup-neopro-sup-reg-sup,5,item_table_page,masterData found,success,,,,,no,4
https://www.safcodental.com/catalog/gloves,https://www.safcodental.com/product/powerform-black,6,item_table_page,masterData found,success,,,,,no,5
https://www.safcodental.com/catalog/gloves,https://www.safcodental.com/product/micro-touch-reg-nitrafree-trade-blue,6,item_table_page,masterData found,success,,,,,no,2
https://www.safcodental.com/catalog/gloves,https://www.safcodental.com/product/microflex-reg-92-134,6,item_table_page,masterData found,success,,,,,no,4
https://www.safcodental.com/catalog/gloves,https://www.safcodental.com/product/pulse-reg-logic-trade,6,unsupported_layout,No item-level masterData found,partial_fallback,item_extraction,no_master_data,No item-level masterData found; wrote fallback record.,,yes,1
https://www.safcodental.com/catalog/gloves,https://www.safcodental.com/product/microflex-reg-midknight-reg,6,item_table_page,masterData found,success,,,,,no,2
https://www.safcodental.com/catalog/gloves,https://www.safcodental.com/product/pulse-nitrile,6,item_table_page,masterData found,success,,,,,no,5
https://www.safcodental.com/catalog/gloves,https://www.safcodental.com/product/halo-trade,6,item_table_page,masterData found,success,,,,,no,2
https://www.safcodental.com/catalog/gloves,https://www.safcodental.com/product/alasta-sup-reg-sup-white,6,unsupported_layout,No item-level masterData found,partial_fallback,item_extraction,no_master_data,No item-level masterData found; wrote fallback record.,,yes,1
https://www.safcodental.com/catalog/gloves,https://www.safcodental.com/product/hu-friedy-nitrile-utility-gloves,6,item_table_page,masterData found,success,,,,,no,12
https://www.safcodental.com/catalog/gloves,https://www.safcodental.com/product/beesure-reg-slim-trade-nitrile,6,item_table_page,masterData found,success,,,,,no,8
https://www.safcodental.com/catalog/gloves,https://www.safcodental.com/product/micro-touch-reg-nitrile,6,item_table_page,masterData found,success,,,,,no,4
https://www.safcodental.com/catalog/gloves,https://www.safcodental.com/product/microflex-reg-tq-601-soft-white-nitrile,6,item_table_page,masterData found,success,,,,,no,2
https://www.safcodental.com/catalog/gloves,https://www.safcodental.com/product/nitriderm-reg-ultra-white,6,item_table_page,masterData found,success,,,,,no,1
https://www.safcodental.com/catalog/gloves,https://www.safcodental.com/product/purple-nitrile,6,item_table_page,masterData found,success,,,,,no,4
https://www.safcodental.com/catalog/gloves,https://www.safcodental.com/product/microflex-reg-freeform-reg-se,6,item_table_page,masterData found,success,,,,,no,4
https://www.safcodental.com/catalog/gloves,https://www.safcodental.com/product/proderm-trade,7,item_table_page,masterData found,success,,,,,no,3
https://www.safcodental.com/catalog/gloves,https://www.safcodental.com/product/polymed-reg,7,item_table_page,masterData found,success,,,,,no,1
https://www.safcodental.com/catalog/gloves,https://www.safcodental.com/product/beesure-reg-latex,7,item_table_page,masterData found,success,,,,,no,10
https://www.safcodental.com/catalog/gloves,https://www.safcodental.com/product/blossom-reg,7,item_table_page,masterData found,success,,,,,no,1
https://www.safcodental.com/catalog/gloves,https://www.safcodental.com/product/vitalgard-reg,7,item_table_page,masterData found,success,,,,,no,1
https://www.safcodental.com/catalog/gloves,https://www.safcodental.com/product/microflex-reg-comfortgrip-trade,7,unsupported_layout,No item-level masterData found,partial_fallback,item_extraction,no_master_data,No item-level masterData found; wrote fallback record.,,yes,1
https://www.safcodental.com/catalog/gloves,https://www.safcodental.com/product/pulse-trade-latex,7,item_table_page,masterData found,success,,,,,no,5
https://www.safcodental.com/catalog/gloves,https://www.safcodental.com/product/micropro-textured,7,unsupported_layout,No item-level masterData found,partial_fallback,item_extraction,no_master_data,No item-level masterData found; wrote fallback record.,,yes,1
https://www.safcodental.com/catalog/gloves,https://www.safcodental.com/product/aloepro-trade,7,item_table_page,masterData found,success,,,,,no,4
https://www.safcodental.com/catalog/gloves,https://www.safcodental.com/product/wire-glove-box-holder,7,item_table_page,masterData found,success,,,,,no,3
https://www.safcodental.com/catalog/gloves,https://www.safcodental.com/product/nuvo-trade-drdae,7,unsupported_layout,No item-level masterData found,partial_fallback,item_extraction,no_master_data,No item-level masterData found; wrote fallback record.,,yes,1
https://www.safcodental.com/catalog/sutures-surgical-products,https://www.safcodental.com/product/surgifoam-reg,1,item_table_page,masterData found,success,,,,,no,6
https://www.safcodental.com/catalog/sutures-surgical-products,https://www.safcodental.com/product/regenafill-sup-trade-sup-bone-graft-plug,1,item_table_page,masterData found,success,,,,,no,2
https://www.safcodental.com/catalog/sutures-surgical-products,https://www.safcodental.com/product/ossify-sup-reg-sup-cortical-bone-sheet,1,item_table_page,masterData found,success,,,,,no,2
https://www.safcodental.com/catalog/sutures-surgical-products,https://www.safcodental.com/product/ossify-sup-reg-sup-dbm-cortical-fiber-bone-graft,1,multi_group_item_page,masterData found with grouped item rows,success,,,,,no,6
https://www.safcodental.com/catalog/sutures-surgical-products,https://www.safcodental.com/product/ossify-sup-reg-sup-min-demin-cortical-cancellous-bone-graft,1,item_table_page,masterData found,success,,,,,no,3
https://www.safcodental.com/catalog/sutures-surgical-products,https://www.safcodental.com/product/ossif-i-sem-trade,1,multi_group_item_page,masterData found with grouped item rows,success,,,,,no,18
https://www.safcodental.com/catalog/sutures-surgical-products,https://www.safcodental.com/product/foundation-trade,1,item_table_page,masterData found,success,,,,,no,6
https://www.safcodental.com/catalog/sutures-surgical-products,https://www.safcodental.com/product/orasoothe-reg-sockit-gel,1,item_table_page,masterData found,success,,,,,no,9
https://www.safcodental.com/catalog/sutures-surgical-products,https://www.safcodental.com/product/perma-sharp-reg-sutures,1,multi_group_item_page,masterData found with grouped item rows,success,,,,,no,144
https://www.safcodental.com/catalog/sutures-surgical-products,https://www.safcodental.com/product/safco-surestitch-trade-sutures,1,multi_group_item_page,masterData found with grouped item rows,success,,,,,no,45
https://www.safcodental.com/catalog/sutures-surgical-products,https://www.safcodental.com/product/heliplug-reg,1,item_table_page,masterData found,success,,,,,no,1
https://www.safcodental.com/catalog/sutures-surgical-products,https://www.safcodental.com/product/healiaid-reg-strong-nbsp-strong-collagen,1,item_table_page,masterData found,success,,,,,no,2
https://www.safcodental.com/catalog/sutures-surgical-products,https://www.safcodental.com/product/hemostat-sup-trade-sup,1,item_table_page,masterData found,success,,,,,no,1
https://www.safcodental.com/catalog/sutures-surgical-products,https://www.safcodental.com/product/soft-tissue-trimmer,1,item_table_page,masterData found,success,,,,,no,6
https://www.safcodental.com/catalog/sutures-surgical-products,https://www.safcodental.com/product/feather-sup-reg-nbsp-sup-microsurgical-blades,1,item_table_page,masterData found,success,,,,,no,4
https://www.safcodental.com/catalog/sutures-surgical-products,https://www.safcodental.com/product/sterile-water-for-injection-b-braun,2,item_table_page,masterData found,success,,,,,no,4
https://www.safcodental.com/catalog/sutures-surgical-products,https://www.safcodental.com/product/sodium-chloride-0-9-for-injection-baxter,2,item_table_page,masterData found,success,,,,,no,4
https://www.safcodental.com/catalog/sutures-surgical-products,https://www.safcodental.com/product/sodium-chloride-0-9-for-injection-b-braun,2,item_table_page,masterData found,success,,,,,no,3
https://www.safcodental.com/catalog/sutures-surgical-products,https://www.safcodental.com/product/lactated-ringer-s,2,item_table_page,masterData found,success,,,,,no,2
https://www.safcodental.com/catalog/sutures-surgical-products,https://www.safcodental.com/product/iv-administration-sets,2,item_table_page,masterData found,success,,,,,no,3
https://www.safcodental.com/catalog/sutures-surgical-products,https://www.safcodental.com/product/dentalprox-veragraft-trade-dental-powder,2,multi_group_item_page,masterData found with grouped item rows,success,,,,,no,13
https://www.safcodental.com/catalog/sutures-surgical-products,https://www.safcodental.com/product/r-t-r-membrane,2,unsupported_layout,No item-level masterData found,partial_fallback,item_extraction,no_master_data,No item-level masterData found; wrote fallback record.,,yes,1
https://www.safcodental.com/catalog/sutures-surgical-products,https://www.safcodental.com/product/r-t-r-syringe,2,item_table_page,masterData found,success,,,,,no,6
https://www.safcodental.com/catalog/sutures-surgical-products,https://www.safcodental.com/product/helimend-trade-and-helimend-trade-advanced,2,unsupported_layout,No item-level masterData found,partial_fallback,item_extraction,no_master_data,No item-level masterData found; wrote fallback record.,,yes,1
https://www.safcodental.com/catalog/sutures-surgical-products,https://www.safcodental.com/product/guidor-reg-e-em-asy-graft-reg-em-classic,2,item_table_page,masterData found,success,,,,,no,6
https://www.safcodental.com/catalog/sutures-surgical-products,https://www.safcodental.com/product/collashield-trade-collagen-membrane,2,item_table_page,masterData found,success,,,,,no,3
https://www.safcodental.com/catalog/sutures-surgical-products,https://www.safcodental.com/product/coldstar-disposable-instant-non-insulated-cold-pack,2,multi_group_item_page,masterData found with grouped item rows,success,,,,,no,4
https://www.safcodental.com/catalog/sutures-surgical-products,https://www.safcodental.com/product/instant-cold-pack,2,item_table_page,masterData found,success,,,,,no,2
https://www.safcodental.com/catalog/sutures-surgical-products,https://www.safcodental.com/product/hybenx-sup-reg-sup,2,item_table_page,masterData found,success,,,,,no,1
https://www.safcodental.com/catalog/sutures-surgical-products,https://www.safcodental.com/product/coe-pak-trade-automix-nds,2,multi_group_item_page,masterData found with grouped item rows,success,,,,,no,4
https://www.safcodental.com/catalog/sutures-surgical-products,https://www.safcodental.com/product/coe-pak-trade,3,item_table_page,masterData found,success,,,,,no,4
https://www.safcodental.com/catalog/sutures-surgical-products,https://www.safcodental.com/product/barricaid-reg,3,item_table_page,masterData found,success,,,,,no,3
https://www.safcodental.com/catalog/sutures-surgical-products,https://www.safcodental.com/product/surgicel-reg,3,item_table_page,masterData found,success,,,,,no,2
https://www.safcodental.com/catalog/sutures-surgical-products,https://www.safcodental.com/product/orca-sup-trade-sup-foam,3,item_table_page,masterData found,success,,,,,no,3
https://www.safcodental.com/catalog/sutures-surgical-products,https://www.safcodental.com/product/periacryl-reg-90,3,item_table_page,masterData found,success,,,,,no,2
https://www.safcodental.com/catalog/sutures-surgical-products,https://www.safcodental.com/product/orca-trade-dry-socket,3,item_table_page,masterData found,success,,,,,no,1
https://www.safcodental.com/catalog/sutures-surgical-products,https://www.safcodental.com/product/helitape-reg,3,item_table_page,masterData found,success,,,,,no,1
https://www.safcodental.com/catalog/sutures-surgical-products,https://www.safcodental.com/product/integra-sup-reg-sup-miltex-sup-reg-sup-helicote-sup-reg-sup,3,item_table_page,masterData found,success,,,,,no,1
https://www.safcodental.com/catalog/sutures-surgical-products,https://www.safcodental.com/product/actcel,3,item_table_page,masterData found,success,,,,,no,1
https://www.safcodental.com/catalog/sutures-surgical-products,https://www.safcodental.com/product/myco-medical-technocut-reg-disposable-scalpels,3,item_table_page,masterData found,success,,,,,no,5
https://www.safcodental.com/catalog/sutures-surgical-products,https://www.safcodental.com/product/myco-medical-nbsp-glassvan-reg-scalpel-blades,3,multi_group_item_page,masterData found with grouped item rows,success,,,,,no,10
https://www.safcodental.com/catalog/sutures-surgical-products,https://www.safcodental.com/product/safety-scalpels,3,item_table_page,masterData found,success,,,,,no,2
https://www.safcodental.com/catalog/sutures-surgical-products,https://www.safcodental.com/product/disposable-scalpels-integra-miltex,3,item_table_page,masterData found,success,,,,,no,8
https://www.safcodental.com/catalog/sutures-surgical-products,https://www.safcodental.com/product/disposable-scalpels-bard-parker-bd,3,item_table_page,masterData found,success,,,,,no,6
https://www.safcodental.com/catalog/sutures-surgical-products,https://www.safcodental.com/product/surgical-blades-hu-friedy,3,item_table_page,masterData found,success,,,,,no,21
https://www.safcodental.com/catalog/sutures-surgical-products,https://www.safcodental.com/product/disposable-scalpels,4,item_table_page,masterData found,success,,,,,no,8
https://www.safcodental.com/catalog/sutures-surgical-products,https://www.safcodental.com/product/myco-medical-glassvan-reg-microsurgical-blades-carbon-steel,4,item_table_page,masterData found,success,,,,,no,2
https://www.safcodental.com/catalog/sutures-surgical-products,https://www.safcodental.com/product/scalpel-handles-hu-friedy,4,multi_group_item_page,masterData found with grouped item rows,success,,,,,no,15
https://www.safcodental.com/catalog/sutures-surgical-products,https://www.safcodental.com/product/surgical-blade-handles-bard-parker-bd,4,item_table_page,masterData found,success,,,,,no,4
https://www.safcodental.com/catalog/sutures-surgical-products,https://www.safcodental.com/product/surgical-blades,4,multi_group_item_page,masterData found with grouped item rows,success,,,,,no,18
https://www.safcodental.com/catalog/sutures-surgical-products,https://www.safcodental.com/product/surgical-blades-integra-miltex,4,multi_group_item_page,masterData found with grouped item rows,success,,,,,no,34
https://www.safcodental.com/catalog/sutures-surgical-products,https://www.safcodental.com/product/surgical-blades-bard-parker-bd,4,multi_group_item_page,masterData found with grouped item rows,success,,,,,no,11
https://www.safcodental.com/catalog/sutures-surgical-products,https://www.safcodental.com/product/suture-needles-integra-miltex,4,item_table_page,masterData found,success,,,,,no,1
https://www.safcodental.com/catalog/sutures-surgical-products,https://www.safcodental.com/product/myco-medical-reli-reg-pro-sutures,4,multi_group_item_page,masterData found with grouped item rows,success,,,,,no,38
https://www.safcodental.com/catalog/sutures-surgical-products,https://www.safcodental.com/product/look-trade-sutures,4,multi_group_item_page,masterData found with grouped item rows,success,,,,,no,129
https://www.safcodental.com/catalog/sutures-surgical-products,https://www.safcodental.com/product/ethicon-sutures,4,multi_group_item_page,masterData found with grouped item rows,success,,,,,no,105
