category_url,page_number,product_url,anchor_text
https://www.safcodental.com/catalog/gloves,1,https://www.safcodental.com/product/aquasoft,> Halyard Aquasoft 4.8 As low as $31.49 Promo Price Drop shopping-cart Shop Now scale
https://www.safcodental.com/catalog/gloves,1,https://www.safcodental.com/product/beesure-reg-superslim-trade-nitrile,> EcoBee BeeSure SuperSlim Nitrile 4.8 As low as $19.99 Promo Price Drop shopping-cart Shop Now scale
https://www.safcodental.com/catalog/gloves,1,https://www.safcodental.com/product/microflex-sup-reg-sup-ultraform-sup-trade-sup,> Ansell Microflex Ultraform 4.3 As low as $24.99 Promo Price Drop shopping-cart Shop Now scale
https://www.safcodental.com/catalog/gloves,1,https://www.safcodental.com/product/lavender-nitrile,> Halyard Lavender Nitrile 4.7 As low as $28.99 Promo Price Drop shopping-cart Shop Now scale
https://www.safcodental.com/catalog/gloves,1,https://www.safcodental.com/product/alasta-sup-reg-sup,> Dash Alasta 4.2 As low as $10.49 Promo Price Drop shopping-cart Shop Now scale
https://www.safcodental.com/catalog/gloves,1,https://www.safcodental.com/product/aurelia-reg-amazing-reg,> Supermax Aurelia Amazing 5.0 As low as $20.99 Price Drop shopping-cart Shop Now scale
https://www.safcodental.com/catalog/gloves,1,https://www.safcodental.com/product/aqua-source-reg,> Cranberry Aqua Source 5.0 As low as $19.99 Price Drop shopping-cart Shop Now scale
https://www.safcodental.com/catalog/gloves,1,https://www.safcodental.com/product/xlim-reg,> Cranberry Xlim 4.0 As low as $8.99 Price Drop shopping-cart Shop Now scale
https://www.safcodental.com/catalog/gloves,1,https://www.safcodental.com/product/aurelia-reg-vibrant-trade,> Supermax Aurelia Vibrant 4.5 As low as $7.99 Price Drop shopping-cart Shop Now scale
https://www.safcodental.com/catalog/gloves,1,https://www.safcodental.com/product/compac-nitrile,> Cranberry Compac Nitrile As low as $8.49 Promo New! shopping-cart Shop Now scale
https://www.safcodental.com/catalog/gloves,1,https://www.safcodental.com/product/revosoft-reg-nitrile-gloves,> Cranberry RevoSoft 5.0 As low as $22.99 Promo shopping-cart Shop Now scale
https://www.safcodental.com/catalog/gloves,1,https://www.safcodental.com/product/crave-trade,> Cranberry Crave 4.0 As low as $19.49 Promo shopping-cart Shop Now scale
https://www.safcodental.com/catalog/gloves,1,https://www.safcodental.com/product/safco-nitrilex-black,> Safco Safco Nitrilex Black 5.0 As low as $13.29 shopping-cart Shop Now scale
https://www.safcodental.com/catalog/gloves,1,https://www.safcodental.com/product/halyard-black-nitrile,> Halyard Halyard Black Nitrile As low as $8.29 Promo shopping-cart Shop Now scale
https://www.safcodental.com/catalog/gloves,1,https://www.safcodental.com/product/alasta-pro,> Dash Alasta Pro As low as $23.49 Promo shopping-cart Shop Now scale
https://www.safcodental.com/catalog/gloves,2,https://www.safcodental.com/product/ocean-pacific-sup-reg-sup-neonatural-sup-trade-sup,> Medicom Ocean Pacific NeoNatural As low as $23.49 Promo shopping-cart Shop Now scale
https://www.safcodental.com/catalog/gloves,2,https://www.safcodental.com/product/true-comfort-reg-blu,> Dash True Comfort Blu As low as $19.49 Promo shopping-cart Shop Now scale
https://www.safcodental.com/catalog/gloves,2,https://www.safcodental.com/product/microflex-sup-reg-sup-neogard-sup-reg-sup,> Ansell Neogard 5.0 As low as $22.99 Promo shopping-cart Shop Now scale
https://www.safcodental.com/catalog/gloves,2,https://www.safcodental.com/product/black-maxx-sup-reg-sup,> Dash Black Maxx As low as $24.99 Promo shopping-cart Shop Now scale
https://www.safcodental.com/catalog/gloves,2,https://www.safcodental.com/product/gloveup-sup-reg-sup,> Dash GloveUp 5.0 As low as $30.99 Promo shopping-cart Shop Now scale
https://www.safcodental.com/catalog/gloves,2,https://www.safcodental.com/product/bio-nitrile-sup-reg-sup,> Cranberry Bio Nitrile As low as $23.99 Promo shopping-cart Shop Now scale
https://www.safcodental.com/catalog/gloves,2,https://www.safcodental.com/product/carbon-reg-air,> Cranberry Carbon Air 5.0 As low as $23.79 Promo shopping-cart Shop Now scale
https://www.safcodental.com/catalog/gloves,2,https://www.safcodental.com/product/beesure-ultraslim-nitrile,> EcoBee BeeSure UltraSlim Nitrile 5.0 As low as $25.49 Promo shopping-cart Shop Now scale
https://www.safcodental.com/catalog/gloves,2,https://www.safcodental.com/product/microflex-reg-xceed-reg,> Ansell Microflex Xceed 5.0 As low as $24.99 Promo shopping-cart Shop Now scale
https://www.safcodental.com/catalog/gloves,2,https://www.safcodental.com/product/beesure-sup-reg-sup-nitrile,> EcoBee BeeSure Nitrile 4.5 As low as $8.99 Promo shopping-cart Shop Now scale
https://www.safcodental.com/catalog/gloves,2,https://www.safcodental.com/product/alasta-reg-aloe,> Dash Alasta Aloe 5.0 As low as $12.99 Promo shopping-cart Shop Now scale
https://www.safcodental.com/catalog/gloves,2,https://www.safcodental.com/product/safco-ez-green-chloroprene,> Safco Safco EZ Green Chloroprene 5.0 As low as $17.99 shopping-cart Shop Now scale
https://www.safcodental.com/catalog/gloves,2,https://www.safcodental.com/product/safco-nitrilex-soothe,> Safco Safco Nitrilex Soothe As low as $15.99 shopping-cart Shop Now scale
https://www.safcodental.com/catalog/gloves,2,https://www.safcodental.com/product/safco-nitrilex-surpass-trade,> Safco Safco Nitrilex Surpass nitrile gloves 4.9 As low as $15.99 shopping-cart Shop Now scale
https://www.safcodental.com/catalog/gloves,2,https://www.safcodental.com/product/safco-nitrilex-prevail-trade-nitrile-gloves,> Safco Safco Nitrilex Prevail 4.1 As low as $15.99 shopping-cart Shop Now scale
https://www.safcodental.com/catalog/gloves,3,https://www.safcodental.com/product/safco-nitrilex-reg-ultrasoft-nitrile-gloves,> Safco Safco Nitrilex UltraSoft 4.6 As low as $13.29 shopping-cart Shop Now scale
https://www.safcodental.com/catalog/gloves,3,https://www.safcodental.com/product/safco-nitrilex-reg-nitrile-gloves,> Safco Safco Nitrilex 4.9 As low as $6.49 shopping-cart Shop Now scale
https://www.safcodental.com/catalog/gloves,3,https://www.safcodental.com/product/safco-durasoft-trade-latex-gloves,> Safco Safco Durasoft Latex 5.0 As low as $6.99 shopping-cart Shop Now scale
https://www.safcodental.com/catalog/gloves,3,https://www.safcodental.com/product/microflex-sup-reg-sup-neogard-trade-touch,> Ansell Microflex Neogard Touch As low as $37.99 shopping-cart Shop Now scale
https://www.safcodental.com/catalog/gloves,3,https://www.safcodental.com/product/aquaprene-reg,> Cranberry AquaPrene 4.3 As low as $29.49 shopping-cart Shop Now scale
https://www.safcodental.com/catalog/gloves,3,https://www.safcodental.com/product/beesure-reg-neogrene-trade,> EcoBee BeeSure NeoGrene 5.0 As low as $24.29 shopping-cart Shop Now scale
https://www.safcodental.com/catalog/gloves,3,https://www.safcodental.com/product/quantum-blue,> Quantum Quantum Blue 5.0 As low as $8.59 shopping-cart Shop Now scale
https://www.safcodental.com/catalog/gloves,3,https://www.safcodental.com/product/trueform,> SW Safety TrueForm As low as $12.99 shopping-cart Shop Now scale
https://www.safcodental.com/catalog/gloves,3,https://www.safcodental.com/product/microflex-reg-midknight-trade-touch,> Ansell Microflex MidKnight Touch 5.0 As low as $8.99 shopping-cart Shop Now scale
https://www.safcodental.com/catalog/gloves,3,https://www.safcodental.com/product/micro-touch-reg-nitrafree-trade-pink,> Ansell Micro-Touch NitraFree Pink 5.0 As low as $15.99 shopping-cart Shop Now scale
https://www.safcodental.com/catalog/gloves,3,https://www.safcodental.com/product/alasta-sup-reg-sup-shimmer-pink-nitrile,> Dash Alasta Shimmer Pink Nitrile 5.0 As low as $13.49 shopping-cart Shop Now scale
https://www.safcodental.com/catalog/gloves,3,https://www.safcodental.com/product/aurelia-reg-bold-reg,> Supermax Aurelia Bold As low as $7.99 shopping-cart Shop Now scale
https://www.safcodental.com/catalog/gloves,3,https://www.safcodental.com/product/aurelia-sup-reg-sup-robust-sup-reg-sup,> Supermax Aurelia Robust 5.0 As low as $7.49 shopping-cart Shop Now scale
https://www.safcodental.com/catalog/gloves,3,https://www.safcodental.com/product/aurelia-reg-sonic-reg-100,> Supermax Aurelia Sonic 100 5.0 As low as $6.99 shopping-cart Shop Now scale
https://www.safcodental.com/catalog/gloves,3,https://www.safcodental.com/product/luxe-trade,> Cranberry Luxe 5.0 As low as $25.99 shopping-cart Shop Now scale
https://www.safcodental.com/catalog/gloves,4,https://www.safcodental.com/product/aurelia-reg-absolute-trade,> Supermax Aurelia Absolute 5.0 As low as $16.49 shopping-cart Shop Now scale
https://www.safcodental.com/catalog/gloves,4,https://www.safcodental.com/product/inspire-trade,> Cranberry Inspire 4.4 As low as $23.49 shopping-cart Shop Now scale
https://www.safcodental.com/catalog/gloves,4,https://www.safcodental.com/product/carbon-reg-nitrile,> Cranberry Carbon Nitrile 5.0 As low as $16.79 shopping-cart Shop Now scale
https://www.safcodental.com/catalog/gloves,4,https://www.safcodental.com/product/transcend-trade,> Cranberry Transcend 4.4 As low as $15.99 shopping-cart Shop Now scale
https://www.safcodental.com/catalog/gloves,4,https://www.safcodental.com/product/beesure-reg-glacier-nitrile,> EcoBee BeeSure Glacier Nitrile 5.0 As low as $20.49 shopping-cart Shop Now scale
https://www.safcodental.com/catalog/gloves,4,https://www.safcodental.com/product/revo200-reg,> Cranberry Revo200 5.0 As low as $17.49 shopping-cart Shop Now scale
https://www.safcodental.com/catalog/gloves,4,https://www.safcodental.com/product/aurelia-sup-reg-sup-sonic-sup-reg-sup,> Supermax Aurelia Sonic 4.5 As low as $24.49 shopping-cart Shop Now scale
https://www.safcodental.com/catalog/gloves,4,https://www.safcodental.com/product/aurelia-reg-blush-reg,> Supermax Aurelia Blush 5.0 As low as $16.49 shopping-cart Shop Now scale
https://www.safcodental.com/catalog/gloves,4,https://www.safcodental.com/product/evolve-trade-300,> Cranberry Evolve 300 5.0 As low as $26.99 shopping-cart Shop Now scale
https://www.safcodental.com/catalog/gloves,4,https://www.safcodental.com/product/aurelia-sup-reg-sup-transform-sup-reg-sup,> Supermax Aurelia Transform 1.0 As low as $16.49 shopping-cart Shop Now scale
https://www.safcodental.com/catalog/gloves,4,https://www.safcodental.com/product/aurelia-sup-reg-sup-perform-sup-trade-sup,> Supermax Aurelia Perform 5.0 As low as $14.49 shopping-cart Shop Now scale
https://www.safcodental.com/catalog/gloves,4,https://www.safcodental.com/product/curve-reg-fitted,> Cranberry Curve Fitted 5.0 As low as $19.49 shopping-cart Shop Now scale
https://www.safcodental.com/catalog/gloves,4,https://www.safcodental.com/product/contour-reg,> Cranberry Contour 5.0 As low as $10.29 shopping-cart Shop Now scale
https://www.safcodental.com/catalog/gloves,4,https://www.safcodental.com/product/contour-plus-trade,> Cranberry Contour Plus 5.0 As low as $12.49 shopping-cart Shop Now scale
https://www.safcodental.com/catalog/gloves,4,https://www.safcodental.com/product/aurelia-sup-reg-sup-prot-eacute-g-eacute-sup-reg-sup,> Supermax Aurelia Protege 5.0 As low as $7.49 shopping-cart Shop Now scale
https://www.safcodental.com/catalog/gloves,5,https://www.safcodental.com/product/essential-textured,> Quantum Essential Textured As low as $15.97 shopping-cart Shop Now scale
https://www.safcodental.com/catalog/gloves,5,https://www.safcodental.com/product/aurelia-reg-distinct-reg,> Supermax Aurelia Distinct 5.0 As low as $8.79 shopping-cart Shop Now scale
https://www.safcodental.com/catalog/gloves,5,https://www.safcodental.com/product/cyntek-reg,> Cranberry Cyntek As low as $16.49 shopping-cart Shop Now scale
https://www.safcodental.com/catalog/gloves,5,https://www.safcodental.com/product/sigma-reg,> Cranberry Sigma As low as $11.99 shopping-cart Shop Now scale
https://www.safcodental.com/catalog/gloves,5,https://www.safcodental.com/product/aurelia-reg-refresh-reg,> Supermax Aurelia Refresh 5.0 As low as $10.49 shopping-cart Shop Now scale
https://www.safcodental.com/catalog/gloves,5,https://www.safcodental.com/product/microflex-reg-diamond-grip-plus-trade,> Ansell Microflex Diamond Grip Plus 3.0 As low as $14.49 shopping-cart Shop Now scale
https://www.safcodental.com/catalog/gloves,5,https://www.safcodental.com/product/silkcare-reg,> Cranberry Silkcare 5.0 As low as $16.49 shopping-cart Shop Now scale
https://www.safcodental.com/catalog/gloves,5,https://www.safcodental.com/product/nuvo-trade,> Dash Nuvo As low as $7.49 shopping-cart Shop Now scale
https://www.safcodental.com/catalog/gloves,5,https://www.safcodental.com/product/nitriderm-sup-reg-sup-nbsp-nitrile-surgical-gloves,> Innovative Healthcare NitriDerm nitrile surgical gloves 3.0 As low as $61.99 shopping-cart Shop Now scale
https://www.safcodental.com/catalog/gloves,5,https://www.safcodental.com/product/dermassist-sup-reg-sup-latex-surgical-gloves,> Innovative Healthcare DermAssist latex surgical gloves 5.0 As low as $42.99 shopping-cart Shop Now scale
https://www.safcodental.com/catalog/gloves,5,https://www.safcodental.com/product/encore-reg-sensi-touch-reg-pf,> Ansell Encore Sensi-Touch PF As low as $56.49 shopping-cart Shop Now scale
https://www.safcodental.com/catalog/gloves,5,https://www.safcodental.com/product/microflex-sup-reg-sup-neosoft-trade,> Ansell Microflex NeoSoft As low as $18.49 shopping-cart Shop Now scale
https://www.safcodental.com/catalog/gloves,5,https://www.safcodental.com/product/flexaprene-green,> Halyard Flexaprene Green 4.5 As low as $28.59 shopping-cart Shop Now scale
https://www.safcodental.com/catalog/gloves,5,https://www.safcodental.com/product/micro-touch-sup-reg-sup-affinity-sup-reg-sup,> Ansell Micro-Touch Affinity 5.0 As low as $23.49 shopping-cart Shop Now scale
https://www.safcodental.com/catalog/gloves,5,https://www.safcodental.com/product/microflex-sup-reg-sup-neopro-sup-reg-sup,> Ansell Microflex NeoPro 5.0 As low as $24.99 shopping-cart Shop Now scale
https://www.safcodental.com/catalog/gloves,6,https://www.safcodental.com/product/powerform-black,> SW Safety PowerForm Black 5.0 As low as $15.99 shopping-cart Shop Now scale
https://www.safcodental.com/catalog/gloves,6,https://www.safcodental.com/product/micro-touch-reg-nitrafree-trade-blue,> Ansell Micro-Touch NitraFree Blue As low as $19.99 shopping-cart Shop Now scale
https://www.safcodental.com/catalog/gloves,6,https://www.safcodental.com/product/microflex-reg-92-134,> Ansell Microflex 92-134 5.0 As low as $8.99 shopping-cart Shop Now scale
https://www.safcodental.com/catalog/gloves,6,https://www.safcodental.com/product/pulse-reg-logic-trade,> Innovative Healthcare Pulse LOGIC As low as $17.49 shopping-cart Shop Now scale
https://www.safcodental.com/catalog/gloves,6,https://www.safcodental.com/product/microflex-reg-midknight-reg,> Ansell Microflex MidKnight 5.0 As low as $17.99 shopping-cart Shop Now scale
https://www.safcodental.com/catalog/gloves,6,https://www.safcodental.com/product/pulse-nitrile,> Innovative Healthcare Pulse Nitrile 5.0 As low as $13.99 shopping-cart Shop Now scale
https://www.safcodental.com/catalog/gloves,6,https://www.safcodental.com/product/halo-trade,> Dash Halo As low as $11.49 shopping-cart Shop Now scale
https://www.safcodental.com/catalog/gloves,6,https://www.safcodental.com/product/alasta-sup-reg-sup-white,> Dash Alasta White 5.0 As low as $10.99 shopping-cart Shop Now scale
https://www.safcodental.com/catalog/gloves,6,https://www.safcodental.com/product/hu-friedy-nitrile-utility-gloves,> Hu-Friedy Hu-Friedy nitrile utility gloves 5.0 As low as $24.99 shopping-cart Shop Now scale
https://www.safcodental.com/catalog/gloves,6,https://www.safcodental.com/product/beesure-reg-slim-trade-nitrile,> EcoBee BeeSure Slim Nitrile 5.0 As low as $15.79 shopping-cart Shop Now scale
https://www.safcodental.com/catalog/gloves,6,https://www.safcodental.com/product/micro-touch-reg-nitrile,> Ansell Micro-Touch Nitrile As low as $19.99 shopping-cart Shop Now scale
https://www.safcodental.com/catalog/gloves,6,https://www.safcodental.com/product/microflex-reg-tq-601-soft-white-nitrile,> Ansell Microflex TQ-601 Soft White Nitrile 4.0 As low as $11.99 shopping-cart Shop Now scale
https://www.safcodental.com/catalog/gloves,6,https://www.safcodental.com/product/nitriderm-reg-ultra-white,> Innovative Healthcare NitriDerm Ultra White 5.0 As low as $7.99 shopping-cart Shop Now scale
https://www.safcodental.com/catalog/gloves,6,https://www.safcodental.com/product/purple-nitrile,> Halyard Purple Nitrile 5.0 As low as $22.95 shopping-cart Shop Now scale
https://www.safcodental.com/catalog/gloves,6,https://www.safcodental.com/product/microflex-reg-freeform-reg-se,> Ansell Microflex FreeForm SE As low as $14.49 shopping-cart Shop Now scale
https://www.safcodental.com/catalog/gloves,7,https://www.safcodental.com/product/proderm-trade,> Innovative Healthcare ProDerm 5.0 As low as $9.99 shopping-cart Shop Now scale
https://www.safcodental.com/catalog/gloves,7,https://www.safcodental.com/product/polymed-reg,> Ventyv Polymed As low as $6.99 shopping-cart Shop Now scale
https://www.safcodental.com/catalog/gloves,7,https://www.safcodental.com/product/beesure-reg-latex,> EcoBee BeeSure Latex 4.0 As low as $11.49 shopping-cart Shop Now scale
https://www.safcodental.com/catalog/gloves,7,https://www.safcodental.com/product/blossom-reg,> Mexpo Blossom 5.0 As low as $8.59 shopping-cart Shop Now scale
https://www.safcodental.com/catalog/gloves,7,https://www.safcodental.com/product/vitalgard-reg,> Dash VitalGard 5.0 As low as $12.49 shopping-cart Shop Now scale
https://www.safcodental.com/catalog/gloves,7,https://www.safcodental.com/product/microflex-reg-comfortgrip-trade,> Ansell Microflex ComfortGrip As low as $13.49 shopping-cart Shop Now scale
https://www.safcodental.com/catalog/gloves,7,https://www.safcodental.com/product/pulse-trade-latex,> Innovative Healthcare Pulse Latex 5.0 As low as $9.99 shopping-cart Shop Now scale
https://www.safcodental.com/catalog/gloves,7,https://www.safcodental.com/product/micropro-textured,> Dash MicroPro Textured 5.0 As low as $12.49 shopping-cart Shop Now scale
https://www.safcodental.com/catalog/gloves,7,https://www.safcodental.com/product/aloepro-trade,> Dash AloePro As low as $15.49 shopping-cart Shop Now scale
https://www.safcodental.com/catalog/gloves,7,https://www.safcodental.com/product/wire-glove-box-holder,> Unimed Wire glove box holder As low as $21.49 shopping-cart Shop Now scale
https://www.safcodental.com/catalog/gloves,7,https://www.safcodental.com/product/nuvo-trade-drdae,> Nuvo™ As low as $7.49 shopping-cart Shop Now scale
https://www.safcodental.com/catalog/sutures-surgical-products,1,https://www.safcodental.com/product/surgifoam-reg,> Ethicon Surgifoam® 5.0 As low as $214.49 shopping-cart Shop Now scale
https://www.safcodental.com/catalog/sutures-surgical-products,1,https://www.safcodental.com/product/regenafill-sup-trade-sup-bone-graft-plug,> Surgical Esthetics Regenafill™ Bone Graft Plug As low as $259.99 Promo shopping-cart Shop Now scale
https://www.safcodental.com/catalog/sutures-surgical-products,1,https://www.safcodental.com/product/ossify-sup-reg-sup-cortical-bone-sheet,> Surgical Esthetics Ossify® Cortical Bone Sheet As low as $149.49 Promo shopping-cart Shop Now scale
https://www.safcodental.com/catalog/sutures-surgical-products,1,https://www.safcodental.com/product/ossify-sup-reg-sup-dbm-cortical-fiber-bone-graft,> Surgical Esthetics Ossify® DBM Cortical Fiber Bone Graft As low as $121.49 Promo shopping-cart Shop Now scale
https://www.safcodental.com/catalog/sutures-surgical-products,1,https://www.safcodental.com/product/ossify-sup-reg-sup-min-demin-cortical-cancellous-bone-graft,> Surgical Esthetics Ossify® Min/Demin Cortical Cancellous Bone Graft As low as $79.99 Promo shopping-cart Shop Now scale
https://www.safcodental.com/catalog/sutures-surgical-products,1,https://www.safcodental.com/product/ossif-i-sem-trade,> Surgical Esthetics OSSIF-i sem™ As low as $41.49 Promo shopping-cart Shop Now scale
https://www.safcodental.com/catalog/sutures-surgical-products,1,https://www.safcodental.com/product/foundation-trade,> J. Morita Foundation™ 5.0 As low as $420.49 Promo shopping-cart Shop Now scale
https://www.safcodental.com/catalog/sutures-surgical-products,1,https://www.safcodental.com/product/orasoothe-reg-sockit-gel,"> Septodont OraSoothe® ""SOCKIT"" Gel 5.0 As low as $9.99 Promo shopping-cart Shop Now scale"
https://www.safcodental.com/catalog/sutures-surgical-products,1,https://www.safcodental.com/product/perma-sharp-reg-sutures,> Hu-Friedy Perma Sharp® sutures 5.0 As low as $71.99 Promo shopping-cart Shop Now scale
https://www.safcodental.com/catalog/sutures-surgical-products,1,https://www.safcodental.com/product/safco-surestitch-trade-sutures,> Safco Safco SureStitch™ sutures 5.0 As low as $30.49 shopping-cart Shop Now scale
https://www.safcodental.com/catalog/sutures-surgical-products,1,https://www.safcodental.com/product/heliplug-reg,> Integra Miltex HeliPlug® 4.8 As low as $145.49 shopping-cart Shop Now scale
https://www.safcodental.com/catalog/sutures-surgical-products,1,https://www.safcodental.com/product/healiaid-reg-strong-nbsp-strong-collagen,> Surgical Esthetics HealiAid® Collagen 4.0 As low as $106.99 shopping-cart Shop Now scale
https://www.safcodental.com/catalog/sutures-surgical-products,1,https://www.safcodental.com/product/hemostat-sup-trade-sup,> Medicom HemoStat™ 5.0 As low as $118.49 shopping-cart Shop Now scale
https://www.safcodental.com/catalog/sutures-surgical-products,1,https://www.safcodental.com/product/soft-tissue-trimmer,> Kerr Rotary Soft Tissue Trimmer As low as $139.99 shopping-cart Shop Now scale
https://www.safcodental.com/catalog/sutures-surgical-products,1,https://www.safcodental.com/product/feather-sup-reg-nbsp-sup-microsurgical-blades,> J. Morita Feather® Microsurgical Blades As low as $89.99 shopping-cart Shop Now scale
https://www.safcodental.com/catalog/sutures-surgical-products,2,https://www.safcodental.com/product/sterile-water-for-injection-b-braun,> B Braun Sterile water for injection - B Braun 5.0 As low as $80.99 shopping-cart Shop Now scale
https://www.safcodental.com/catalog/sutures-surgical-products,2,https://www.safcodental.com/product/sodium-chloride-0-9-for-injection-baxter,> Baxter Healthcare Sodium chloride 0.9% for injection - Baxter 5.0 As low as $73.99 shopping-cart Shop Now scale
https://www.safcodental.com/catalog/sutures-surgical-products,2,https://www.safcodental.com/product/sodium-chloride-0-9-for-injection-b-braun,> B Braun Sodium chloride 0.9% for injection - B Braun 5.0 As low as $63.29 shopping-cart Shop Now scale
https://www.safcodental.com/catalog/sutures-surgical-products,2,https://www.safcodental.com/product/lactated-ringer-s,> B Braun Lactated Ringer's 5.0 As low as $70.49 shopping-cart Shop Now scale
https://www.safcodental.com/catalog/sutures-surgical-products,2,https://www.safcodental.com/product/iv-administration-sets,> B Braun IV administration sets As low as $174.29 shopping-cart Shop Now scale
https://www.safcodental.com/catalog/sutures-surgical-products,2,https://www.safcodental.com/product/dentalprox-veragraft-trade-dental-powder,> DentalProX DentalProX VeraGraft™ Dental Powder As low as $28.99 shopping-cart Shop Now scale
https://www.safcodental.com/catalog/sutures-surgical-products,2,https://www.safcodental.com/product/r-t-r-membrane,> Septodont R.T.R. Membrane As low as $108.99 shopping-cart Shop Now scale
https://www.safcodental.com/catalog/sutures-surgical-products,2,https://www.safcodental.com/product/r-t-r-syringe,> Septodont R.T.R.+ Syringe 5.0 As low as $152.99 shopping-cart Shop Now scale
https://www.safcodental.com/catalog/sutures-surgical-products,2,https://www.safcodental.com/product/helimend-trade-and-helimend-trade-advanced,> Integra Miltex HeliMend™ and HeliMend™ Advanced As low as $102.59 shopping-cart Shop Now scale
https://www.safcodental.com/catalog/sutures-surgical-products,2,https://www.safcodental.com/product/guidor-reg-e-em-asy-graft-reg-em-classic,> Collagen Matrix Inc Guidor® easy-graft® Classic 5.0 As low as $236.99 shopping-cart Shop Now scale
https://www.safcodental.com/catalog/sutures-surgical-products,2,https://www.safcodental.com/product/collashield-trade-collagen-membrane,> Surgical Esthetics COLLASHIELD™ Collagen Membrane As low as $128.99 shopping-cart Shop Now scale
https://www.safcodental.com/catalog/sutures-surgical-products,2,https://www.safcodental.com/product/coldstar-disposable-instant-non-insulated-cold-pack,> Coldstar Coldstar Disposable Instant Non-Insulated Cold Pack As low as $20.99 shopping-cart Shop Now scale
https://www.safcodental.com/catalog/sutures-surgical-products,2,https://www.safcodental.com/product/instant-cold-pack,> Halyard Instant Cold Pack 5.0 As low as $22.99 shopping-cart Shop Now scale
https://www.safcodental.com/catalog/sutures-surgical-products,2,https://www.safcodental.com/product/hybenx-sup-reg-sup,> Epien Medical HYBENX® As low as $133.79 shopping-cart Shop Now scale
https://www.safcodental.com/catalog/sutures-surgical-products,2,https://www.safcodental.com/product/coe-pak-trade-automix-nds,> GC America Coe-Pak™ Automix NDS As low as $82.99 shopping-cart Shop Now scale
https://www.safcodental.com/catalog/sutures-surgical-products,3,https://www.safcodental.com/product/coe-pak-trade,> GC America Coe-Pak™ 1.0 As low as $127.99 shopping-cart Shop Now scale
https://www.safcodental.com/catalog/sutures-surgical-products,3,https://www.safcodental.com/product/barricaid-reg,> Dentsply Sirona Barricaid® 4.0 As low as $178.49 shopping-cart Shop Now scale
https://www.safcodental.com/catalog/sutures-surgical-products,3,https://www.safcodental.com/product/surgicel-reg,"> Ethicon Surgicel® As low as $1,118.99 shopping-cart Shop Now scale"
https://www.safcodental.com/catalog/sutures-surgical-products,3,https://www.safcodental.com/product/orca-sup-trade-sup-foam,> Orca Products ORCA™ Foam As low as $104.99 shopping-cart Shop Now scale
https://www.safcodental.com/catalog/sutures-surgical-products,3,https://www.safcodental.com/product/periacryl-reg-90,> GluStitch PeriAcryl® 90 4.7 As low as $146.99 shopping-cart Shop Now scale
https://www.safcodental.com/catalog/sutures-surgical-products,3,https://www.safcodental.com/product/orca-trade-dry-socket,> Orca Products Orca™ Dry Socket As low as $122.95 shopping-cart Shop Now scale
https://www.safcodental.com/catalog/sutures-surgical-products,3,https://www.safcodental.com/product/helitape-reg,> Integra Miltex HeliTape® As low as $228.99 shopping-cart Shop Now scale
https://www.safcodental.com/catalog/sutures-surgical-products,3,https://www.safcodental.com/product/integra-sup-reg-sup-miltex-sup-reg-sup-helicote-sup-reg-sup,> Integra Miltex Integra® Miltex® HeliCote® As low as $173.99 shopping-cart Shop Now scale
https://www.safcodental.com/catalog/sutures-surgical-products,3,https://www.safcodental.com/product/actcel,> Coreva Health Sciences ActCel As low as $108.29 shopping-cart Shop Now scale
https://www.safcodental.com/catalog/sutures-surgical-products,3,https://www.safcodental.com/product/myco-medical-technocut-reg-disposable-scalpels,> Myco Medical Myco Medical Technocut® Disposable Scalpels As low as $8.99 shopping-cart Shop Now scale
https://www.safcodental.com/catalog/sutures-surgical-products,3,https://www.safcodental.com/product/myco-medical-nbsp-glassvan-reg-scalpel-blades,> Myco Medical Myco Medical GLASSVAN® Scalpel Blades As low as $24.99 shopping-cart Shop Now scale
https://www.safcodental.com/catalog/sutures-surgical-products,3,https://www.safcodental.com/product/safety-scalpels,> Integra Miltex Safety Scalpels As low as $38.49 shopping-cart Shop Now scale
https://www.safcodental.com/catalog/sutures-surgical-products,3,https://www.safcodental.com/product/disposable-scalpels-integra-miltex,> Integra Miltex Disposable scalpels - Integra Miltex 5.0 As low as $19.49 shopping-cart Shop Now scale
https://www.safcodental.com/catalog/sutures-surgical-products,3,https://www.safcodental.com/product/disposable-scalpels-bard-parker-bd,> Bard-Parker Disposable scalpels - Bard-Parker (BD) 5.0 As low as $18.99 shopping-cart Shop Now scale
https://www.safcodental.com/catalog/sutures-surgical-products,3,https://www.safcodental.com/product/surgical-blades-hu-friedy,> Hu-Friedy Surgical blades - Hu-Friedy As low as $94.99 shopping-cart Shop Now scale
https://www.safcodental.com/catalog/sutures-surgical-products,4,https://www.safcodental.com/product/disposable-scalpels,> Queens Surgical Disposable scalpels 4.5 As low as $10.49 shopping-cart Shop Now scale
https://www.safcodental.com/catalog/sutures-surgical-products,4,https://www.safcodental.com/product/myco-medical-glassvan-reg-microsurgical-blades-carbon-steel,"> Myco Medical Myco Medical Glassvan® Microsurgical Blades, Carbon Steel As low as $8.49 shopping-cart Shop Now scale"
https://www.safcodental.com/catalog/sutures-surgical-products,4,https://www.safcodental.com/product/scalpel-handles-hu-friedy,> Hu-Friedy Scalpel Handles - Hu-Friedy 5.0 As low as $37.99 shopping-cart Shop Now scale
https://www.safcodental.com/catalog/sutures-surgical-products,4,https://www.safcodental.com/product/surgical-blade-handles-bard-parker-bd,> Bard-Parker Surgical blade handles - Bard-Parker (BD) 4.0 As low as $32.59 shopping-cart Shop Now scale
https://www.safcodental.com/catalog/sutures-surgical-products,4,https://www.safcodental.com/product/surgical-blades,> Queens Surgical Surgical blades 5.0 As low as $16.99 shopping-cart Shop Now scale
https://www.safcodental.com/catalog/sutures-surgical-products,4,https://www.safcodental.com/product/surgical-blades-integra-miltex,> Integra Miltex Surgical blades - Integra Miltex 5.0 As low as $51.99 shopping-cart Shop Now scale
https://www.safcodental.com/catalog/sutures-surgical-products,4,https://www.safcodental.com/product/surgical-blades-bard-parker-bd,> Bard-Parker Surgical blades - Bard-Parker (BD) 5.0 As low as $56.29 shopping-cart Shop Now scale
https://www.safcodental.com/catalog/sutures-surgical-products,4,https://www.safcodental.com/product/suture-needles-integra-miltex,> Integra Miltex Suture needles - Integra Miltex As low as $52.49 shopping-cart Shop Now scale
https://www.safcodental.com/catalog/sutures-surgical-products,4,https://www.safcodental.com/product/myco-medical-reli-reg-pro-sutures,> Myco Medical Myco Medical RELI® PRO Sutures As low as $8.49 shopping-cart Shop Now scale
https://www.safcodental.com/catalog/sutures-surgical-products,4,https://www.safcodental.com/product/look-trade-sutures,> Surgical Specialties Look™ sutures 5.0 As low as $36.99 shopping-cart Shop Now scale
https://www.safcodental.com/catalog/sutures-surgical-products,4,https://www.safcodental.com/product/ethicon-sutures,> Ethicon Ethicon Sutures 5.0 As low as $118.49 shopping-cart Shop Now scale
